id	topic_id	topic_name	question_type	difficulty	status	question_text	correct_answer_text	explanation_text	label	option_text	is_correct
1	39	KISIM - VII - Devlet Memurlarının Yetiştirilmesi	multiple_choice	medium	active	657 sayılı Devlet Memurları Kanunu’na göre, Devlet memurlarının yetiştirilmelerine ilişkin aşağıdaki ifadelerden hangisi yanlıştır?	C	Kanuna göre Devlet memurlarının yetiştirilmeleri, verimliliklerinin artırılması ve daha ileri görevlere hazırlanmaları amacıyla kurumlarınca hizmet içinde yetiştirilmeleri esastır. Hizmet içi eğitimin kurumların görevi olmadığı söylenemez.	A	Devlet memurlarının verimliliklerini artırmak amacıyla yetiştirilmeleri esastır.	0
1	39	KISIM - VII - Devlet Memurlarının Yetiştirilmesi	multiple_choice	medium	active	657 sayılı Devlet Memurları Kanunu’na göre, Devlet memurlarının yetiştirilmelerine ilişkin aşağıdaki ifadelerden hangisi yanlıştır?	C	Kanuna göre Devlet memurlarının yetiştirilmeleri, verimliliklerinin artırılması ve daha ileri görevlere hazırlanmaları amacıyla kurumlarınca hizmet içinde yetiştirilmeleri esastır. Hizmet içi eğitimin kurumların görevi olmadığı söylenemez.	B	Devlet memurlarının daha ileri görevlere hazırlanmaları amacıyla yetiştirilmeleri öngörülmüştür.	0
1	39	KISIM - VII - Devlet Memurlarının Yetiştirilmesi	multiple_choice	medium	active	657 sayılı Devlet Memurları Kanunu’na göre, Devlet memurlarının yetiştirilmelerine ilişkin aşağıdaki ifadelerden hangisi yanlıştır?	C	Kanuna göre Devlet memurlarının yetiştirilmeleri, verimliliklerinin artırılması ve daha ileri görevlere hazırlanmaları amacıyla kurumlarınca hizmet içinde yetiştirilmeleri esastır. Hizmet içi eğitimin kurumların görevi olmadığı söylenemez.	C	Devlet memurlarının hizmet içinde yetiştirilmeleri kurumların görevi değildir.	1
1	39	KISIM - VII - Devlet Memurlarının Yetiştirilmesi	multiple_choice	medium	active	657 sayılı Devlet Memurları Kanunu’na göre, Devlet memurlarının yetiştirilmelerine ilişkin aşağıdaki ifadelerden hangisi yanlıştır?	C	Kanuna göre Devlet memurlarının yetiştirilmeleri, verimliliklerinin artırılması ve daha ileri görevlere hazırlanmaları amacıyla kurumlarınca hizmet içinde yetiştirilmeleri esastır. Hizmet içi eğitimin kurumların görevi olmadığı söylenemez.	D	Hizmet içi eğitim, Devlet memurlarının yetiştirilmesinde esas alınmıştır.	0
1	39	KISIM - VII - Devlet Memurlarının Yetiştirilmesi	multiple_choice	medium	active	657 sayılı Devlet Memurları Kanunu’na göre, Devlet memurlarının yetiştirilmelerine ilişkin aşağıdaki ifadelerden hangisi yanlıştır?	C	Kanuna göre Devlet memurlarının yetiştirilmeleri, verimliliklerinin artırılması ve daha ileri görevlere hazırlanmaları amacıyla kurumlarınca hizmet içinde yetiştirilmeleri esastır. Hizmet içi eğitimin kurumların görevi olmadığı söylenemez.	E	Yetiştirme faaliyeti, kamu hizmetinin daha verimli yürütülmesine yöneliktir.	0
2	33	KISIM - I - Genel Hükümler	multiple_choice	medium	active	657 sayılı Devlet Memurları Kanunu’na göre, aşağıdakilerden hangisi temel ilkeler arasında sayılmamıştır?	D	Kanunda temel ilkeler sınıflandırma, kariyer ve liyakat olarak sayılmıştır. Yerinden yönetim temel ilkeler arasında yer almaz.	A	Sınıflandırma	0
2	33	KISIM - I - Genel Hükümler	multiple_choice	medium	active	657 sayılı Devlet Memurları Kanunu’na göre, aşağıdakilerden hangisi temel ilkeler arasında sayılmamıştır?	D	Kanunda temel ilkeler sınıflandırma, kariyer ve liyakat olarak sayılmıştır. Yerinden yönetim temel ilkeler arasında yer almaz.	B	Kariyer	0
2	33	KISIM - I - Genel Hükümler	multiple_choice	medium	active	657 sayılı Devlet Memurları Kanunu’na göre, aşağıdakilerden hangisi temel ilkeler arasında sayılmamıştır?	D	Kanunda temel ilkeler sınıflandırma, kariyer ve liyakat olarak sayılmıştır. Yerinden yönetim temel ilkeler arasında yer almaz.	C	Liyakat	0
2	33	KISIM - I - Genel Hükümler	multiple_choice	medium	active	657 sayılı Devlet Memurları Kanunu’na göre, aşağıdakilerden hangisi temel ilkeler arasında sayılmamıştır?	D	Kanunda temel ilkeler sınıflandırma, kariyer ve liyakat olarak sayılmıştır. Yerinden yönetim temel ilkeler arasında yer almaz.	D	Yerinden yönetim	1
2	33	KISIM - I - Genel Hükümler	multiple_choice	medium	active	657 sayılı Devlet Memurları Kanunu’na göre, aşağıdakilerden hangisi temel ilkeler arasında sayılmamıştır?	D	Kanunda temel ilkeler sınıflandırma, kariyer ve liyakat olarak sayılmıştır. Yerinden yönetim temel ilkeler arasında yer almaz.	E	Hiçbiri	0
3	33	KISIM - I - Genel Hükümler	multiple_choice	medium	active	657 sayılı Devlet Memurları Kanunu’na göre, aşağıdakilerden hangisi bu Kanun kapsamı dışındadır?	C	Kanun kapsamı dışında kalanlar arasında hâkimlik ve savcılık mesleklerinde bulunanlar yer alır. Genel ve katma bütçeli kurumlar, il özel idareleri, belediyeler ve bunlara bağlı döner sermayeli kuruluşlarda çalışan memurlar ise kapsam içindedir.	A	İl özel idarelerinde çalışan memurlar	0
3	33	KISIM - I - Genel Hükümler	multiple_choice	medium	active	657 sayılı Devlet Memurları Kanunu’na göre, aşağıdakilerden hangisi bu Kanun kapsamı dışındadır?	C	Kanun kapsamı dışında kalanlar arasında hâkimlik ve savcılık mesleklerinde bulunanlar yer alır. Genel ve katma bütçeli kurumlar, il özel idareleri, belediyeler ve bunlara bağlı döner sermayeli kuruluşlarda çalışan memurlar ise kapsam içindedir.	B	Belediyelerde çalışan memurlar	0
3	33	KISIM - I - Genel Hükümler	multiple_choice	medium	active	657 sayılı Devlet Memurları Kanunu’na göre, aşağıdakilerden hangisi bu Kanun kapsamı dışındadır?	C	Kanun kapsamı dışında kalanlar arasında hâkimlik ve savcılık mesleklerinde bulunanlar yer alır. Genel ve katma bütçeli kurumlar, il özel idareleri, belediyeler ve bunlara bağlı döner sermayeli kuruluşlarda çalışan memurlar ise kapsam içindedir.	C	Hâkimlik ve savcılık mesleklerinde bulunanlar	1
3	33	KISIM - I - Genel Hükümler	multiple_choice	medium	active	657 sayılı Devlet Memurları Kanunu’na göre, aşağıdakilerden hangisi bu Kanun kapsamı dışındadır?	C	Kanun kapsamı dışında kalanlar arasında hâkimlik ve savcılık mesleklerinde bulunanlar yer alır. Genel ve katma bütçeli kurumlar, il özel idareleri, belediyeler ve bunlara bağlı döner sermayeli kuruluşlarda çalışan memurlar ise kapsam içindedir.	D	Kefalet sandıklarında çalışan memurlar	0
3	33	KISIM - I - Genel Hükümler	multiple_choice	medium	active	657 sayılı Devlet Memurları Kanunu’na göre, aşağıdakilerden hangisi bu Kanun kapsamı dışındadır?	C	Kanun kapsamı dışında kalanlar arasında hâkimlik ve savcılık mesleklerinde bulunanlar yer alır. Genel ve katma bütçeli kurumlar, il özel idareleri, belediyeler ve bunlara bağlı döner sermayeli kuruluşlarda çalışan memurlar ise kapsam içindedir.	E	Döner sermayeli kuruluşlarda çalışan memurlar	0
4	33	KISIM - I - Genel Hükümler	multiple_choice	hard	active	657 sayılı Devlet Memurları Kanunu’na göre; 
I. Devlet memurları, Türkiye Cumhuriyeti Anayasasına ve kanunlarına sadakatle bağlı kalmak zorundadır.
II. Devlet memurları bu bağlılığı, asli Devlet memurluğuna atandıktan sonra en geç bir ay içinde yapacakları yeminle belirtirler.
III. Yemin belgesi özlük dosyasına konulur.
Yukarıdakilerden hangileri doğrudur?	E	Kanuna göre sadakat yükümlülüğü vardır; bu husus asli Devlet memurluğuna atandıktan sonra en geç bir ay içinde yeminle belirtilir ve yemin belgesi özlük dosyasına konulur.	A	Yalnız I	0
4	33	KISIM - I - Genel Hükümler	multiple_choice	hard	active	657 sayılı Devlet Memurları Kanunu’na göre; 
I. Devlet memurları, Türkiye Cumhuriyeti Anayasasına ve kanunlarına sadakatle bağlı kalmak zorundadır.
II. Devlet memurları bu bağlılığı, asli Devlet memurluğuna atandıktan sonra en geç bir ay içinde yapacakları yeminle belirtirler.
III. Yemin belgesi özlük dosyasına konulur.
Yukarıdakilerden hangileri doğrudur?	E	Kanuna göre sadakat yükümlülüğü vardır; bu husus asli Devlet memurluğuna atandıktan sonra en geç bir ay içinde yeminle belirtilir ve yemin belgesi özlük dosyasına konulur.	B	I ve II	0
4	33	KISIM - I - Genel Hükümler	multiple_choice	hard	active	657 sayılı Devlet Memurları Kanunu’na göre; 
I. Devlet memurları, Türkiye Cumhuriyeti Anayasasına ve kanunlarına sadakatle bağlı kalmak zorundadır.
II. Devlet memurları bu bağlılığı, asli Devlet memurluğuna atandıktan sonra en geç bir ay içinde yapacakları yeminle belirtirler.
III. Yemin belgesi özlük dosyasına konulur.
Yukarıdakilerden hangileri doğrudur?	E	Kanuna göre sadakat yükümlülüğü vardır; bu husus asli Devlet memurluğuna atandıktan sonra en geç bir ay içinde yeminle belirtilir ve yemin belgesi özlük dosyasına konulur.	C	II ve III	0
4	33	KISIM - I - Genel Hükümler	multiple_choice	hard	active	657 sayılı Devlet Memurları Kanunu’na göre; 
I. Devlet memurları, Türkiye Cumhuriyeti Anayasasına ve kanunlarına sadakatle bağlı kalmak zorundadır.
II. Devlet memurları bu bağlılığı, asli Devlet memurluğuna atandıktan sonra en geç bir ay içinde yapacakları yeminle belirtirler.
III. Yemin belgesi özlük dosyasına konulur.
Yukarıdakilerden hangileri doğrudur?	E	Kanuna göre sadakat yükümlülüğü vardır; bu husus asli Devlet memurluğuna atandıktan sonra en geç bir ay içinde yeminle belirtilir ve yemin belgesi özlük dosyasına konulur.	D	I ve III	0
4	33	KISIM - I - Genel Hükümler	multiple_choice	hard	active	657 sayılı Devlet Memurları Kanunu’na göre; 
I. Devlet memurları, Türkiye Cumhuriyeti Anayasasına ve kanunlarına sadakatle bağlı kalmak zorundadır.
II. Devlet memurları bu bağlılığı, asli Devlet memurluğuna atandıktan sonra en geç bir ay içinde yapacakları yeminle belirtirler.
III. Yemin belgesi özlük dosyasına konulur.
Yukarıdakilerden hangileri doğrudur?	E	Kanuna göre sadakat yükümlülüğü vardır; bu husus asli Devlet memurluğuna atandıktan sonra en geç bir ay içinde yeminle belirtilir ve yemin belgesi özlük dosyasına konulur.	E	I, II ve III	1
5	34	KISIM - II - Sınıflandırma	multiple_choice	medium	active	657 sayılı Devlet Memurları Kanunu’na göre, Devlet memurları kaç hizmet sınıfına ayrılmıştır?	C	Kanunda Devlet memurları 12 hizmet sınıfına ayrılmıştır.	A	10	0
5	34	KISIM - II - Sınıflandırma	multiple_choice	medium	active	657 sayılı Devlet Memurları Kanunu’na göre, Devlet memurları kaç hizmet sınıfına ayrılmıştır?	C	Kanunda Devlet memurları 12 hizmet sınıfına ayrılmıştır.	B	11	0
5	34	KISIM - II - Sınıflandırma	multiple_choice	medium	active	657 sayılı Devlet Memurları Kanunu’na göre, Devlet memurları kaç hizmet sınıfına ayrılmıştır?	C	Kanunda Devlet memurları 12 hizmet sınıfına ayrılmıştır.	C	12	1
5	34	KISIM - II - Sınıflandırma	multiple_choice	medium	active	657 sayılı Devlet Memurları Kanunu’na göre, Devlet memurları kaç hizmet sınıfına ayrılmıştır?	C	Kanunda Devlet memurları 12 hizmet sınıfına ayrılmıştır.	D	13	0
5	34	KISIM - II - Sınıflandırma	multiple_choice	medium	active	657 sayılı Devlet Memurları Kanunu’na göre, Devlet memurları kaç hizmet sınıfına ayrılmıştır?	C	Kanunda Devlet memurları 12 hizmet sınıfına ayrılmıştır.	E	14	0
6	34	KISIM - II - Sınıflandırma	multiple_choice	medium	active	657 sayılı Devlet Memurları Kanunu’na göre, avukatlık hizmetleri sınıfına girenlerin memuriyete girmeden önce veya memurluktan ayrılarak avukatlıkla geçirdikleri sürelerin ne kadarı memuriyette geçmiş sayılarak değerlendirilir?	D	Kanuna göre avukatlık hizmetleri sınıfına girenlerin belirtilen sürelerinin dörtte üçü memuriyette geçmiş sayılır.	A	Dörtte biri	0
6	34	KISIM - II - Sınıflandırma	multiple_choice	medium	active	657 sayılı Devlet Memurları Kanunu’na göre, avukatlık hizmetleri sınıfına girenlerin memuriyete girmeden önce veya memurluktan ayrılarak avukatlıkla geçirdikleri sürelerin ne kadarı memuriyette geçmiş sayılarak değerlendirilir?	D	Kanuna göre avukatlık hizmetleri sınıfına girenlerin belirtilen sürelerinin dörtte üçü memuriyette geçmiş sayılır.	B	Üçte biri	0
6	34	KISIM - II - Sınıflandırma	multiple_choice	medium	active	657 sayılı Devlet Memurları Kanunu’na göre, avukatlık hizmetleri sınıfına girenlerin memuriyete girmeden önce veya memurluktan ayrılarak avukatlıkla geçirdikleri sürelerin ne kadarı memuriyette geçmiş sayılarak değerlendirilir?	D	Kanuna göre avukatlık hizmetleri sınıfına girenlerin belirtilen sürelerinin dörtte üçü memuriyette geçmiş sayılır.	C	Yarısı	0
6	34	KISIM - II - Sınıflandırma	multiple_choice	medium	active	657 sayılı Devlet Memurları Kanunu’na göre, avukatlık hizmetleri sınıfına girenlerin memuriyete girmeden önce veya memurluktan ayrılarak avukatlıkla geçirdikleri sürelerin ne kadarı memuriyette geçmiş sayılarak değerlendirilir?	D	Kanuna göre avukatlık hizmetleri sınıfına girenlerin belirtilen sürelerinin dörtte üçü memuriyette geçmiş sayılır.	D	Dörtte üçü	1
6	34	KISIM - II - Sınıflandırma	multiple_choice	medium	active	657 sayılı Devlet Memurları Kanunu’na göre, avukatlık hizmetleri sınıfına girenlerin memuriyete girmeden önce veya memurluktan ayrılarak avukatlıkla geçirdikleri sürelerin ne kadarı memuriyette geçmiş sayılarak değerlendirilir?	D	Kanuna göre avukatlık hizmetleri sınıfına girenlerin belirtilen sürelerinin dörtte üçü memuriyette geçmiş sayılır.	E	Tamamı	0
7	34	KISIM - II - Sınıflandırma	multiple_choice	hard	active	657 sayılı Devlet Memurları Kanunu’na göre; 
I. Teknik hizmetler sınıfına girenlerin belirli süreleri değerlendirilirken kalan sürenin dörtte üçü esas alınır.
II. Özel okullarda öğretmenlik veya yöneticilik yaptıktan sonra Milli Eğitim Bakanlığı emrinde memuriyet kabul edenlerin özel okullarda geçen hizmet sürelerinin üçte ikisi değerlendirilir.
III. Basın kartına sahip olmak suretiyle gazetecilik yaparak memurluğa girenlerin gazetecilikte geçen sürelerinin yarısı değerlendirilir.
Yukarıdakilerden hangileri doğrudur?	B	Teknik hizmetler sınıfında kalan sürenin dörtte üçü, özel okul öğretmenlik ve yöneticilik sürelerinde ise üçte iki oranı esas alınır. Basın kartlı gazetecilikte geçen sürenin yarısı değil dörtte üçü değerlendirilir.	A	Yalnız I	0
7	34	KISIM - II - Sınıflandırma	multiple_choice	hard	active	657 sayılı Devlet Memurları Kanunu’na göre; 
I. Teknik hizmetler sınıfına girenlerin belirli süreleri değerlendirilirken kalan sürenin dörtte üçü esas alınır.
II. Özel okullarda öğretmenlik veya yöneticilik yaptıktan sonra Milli Eğitim Bakanlığı emrinde memuriyet kabul edenlerin özel okullarda geçen hizmet sürelerinin üçte ikisi değerlendirilir.
III. Basın kartına sahip olmak suretiyle gazetecilik yaparak memurluğa girenlerin gazetecilikte geçen sürelerinin yarısı değerlendirilir.
Yukarıdakilerden hangileri doğrudur?	B	Teknik hizmetler sınıfında kalan sürenin dörtte üçü, özel okul öğretmenlik ve yöneticilik sürelerinde ise üçte iki oranı esas alınır. Basın kartlı gazetecilikte geçen sürenin yarısı değil dörtte üçü değerlendirilir.	B	I ve II	1
7	34	KISIM - II - Sınıflandırma	multiple_choice	hard	active	657 sayılı Devlet Memurları Kanunu’na göre; 
I. Teknik hizmetler sınıfına girenlerin belirli süreleri değerlendirilirken kalan sürenin dörtte üçü esas alınır.
II. Özel okullarda öğretmenlik veya yöneticilik yaptıktan sonra Milli Eğitim Bakanlığı emrinde memuriyet kabul edenlerin özel okullarda geçen hizmet sürelerinin üçte ikisi değerlendirilir.
III. Basın kartına sahip olmak suretiyle gazetecilik yaparak memurluğa girenlerin gazetecilikte geçen sürelerinin yarısı değerlendirilir.
Yukarıdakilerden hangileri doğrudur?	B	Teknik hizmetler sınıfında kalan sürenin dörtte üçü, özel okul öğretmenlik ve yöneticilik sürelerinde ise üçte iki oranı esas alınır. Basın kartlı gazetecilikte geçen sürenin yarısı değil dörtte üçü değerlendirilir.	C	I ve III	0
7	34	KISIM - II - Sınıflandırma	multiple_choice	hard	active	657 sayılı Devlet Memurları Kanunu’na göre; 
I. Teknik hizmetler sınıfına girenlerin belirli süreleri değerlendirilirken kalan sürenin dörtte üçü esas alınır.
II. Özel okullarda öğretmenlik veya yöneticilik yaptıktan sonra Milli Eğitim Bakanlığı emrinde memuriyet kabul edenlerin özel okullarda geçen hizmet sürelerinin üçte ikisi değerlendirilir.
III. Basın kartına sahip olmak suretiyle gazetecilik yaparak memurluğa girenlerin gazetecilikte geçen sürelerinin yarısı değerlendirilir.
Yukarıdakilerden hangileri doğrudur?	B	Teknik hizmetler sınıfında kalan sürenin dörtte üçü, özel okul öğretmenlik ve yöneticilik sürelerinde ise üçte iki oranı esas alınır. Basın kartlı gazetecilikte geçen sürenin yarısı değil dörtte üçü değerlendirilir.	D	II ve III	0
7	34	KISIM - II - Sınıflandırma	multiple_choice	hard	active	657 sayılı Devlet Memurları Kanunu’na göre; 
I. Teknik hizmetler sınıfına girenlerin belirli süreleri değerlendirilirken kalan sürenin dörtte üçü esas alınır.
II. Özel okullarda öğretmenlik veya yöneticilik yaptıktan sonra Milli Eğitim Bakanlığı emrinde memuriyet kabul edenlerin özel okullarda geçen hizmet sürelerinin üçte ikisi değerlendirilir.
III. Basın kartına sahip olmak suretiyle gazetecilik yaparak memurluğa girenlerin gazetecilikte geçen sürelerinin yarısı değerlendirilir.
Yukarıdakilerden hangileri doğrudur?	B	Teknik hizmetler sınıfında kalan sürenin dörtte üçü, özel okul öğretmenlik ve yöneticilik sürelerinde ise üçte iki oranı esas alınır. Basın kartlı gazetecilikte geçen sürenin yarısı değil dörtte üçü değerlendirilir.	E	I, II ve III	0
8	35	KISIM - III - Devlet Memurluğuna Alınma	multiple_choice	medium	active	657 sayılı Devlet Memurları Kanunu’na göre, aşağıdakilerden hangisi Devlet memurluğuna alınacaklarda genel şartlardan biri değildir?	D	Genel şartlar arasında Türk vatandaşı olmak, kamu haklarından mahrum bulunmamak, askerlikle ilişiği bulunmamak ve görevi yapmaya engel akıl hastalığı bulunmamak sayılmıştır. Evli olmak genel şart değildir.	A	Türk vatandaşı olmak	0
8	35	KISIM - III - Devlet Memurluğuna Alınma	multiple_choice	medium	active	657 sayılı Devlet Memurları Kanunu’na göre, aşağıdakilerden hangisi Devlet memurluğuna alınacaklarda genel şartlardan biri değildir?	D	Genel şartlar arasında Türk vatandaşı olmak, kamu haklarından mahrum bulunmamak, askerlikle ilişiği bulunmamak ve görevi yapmaya engel akıl hastalığı bulunmamak sayılmıştır. Evli olmak genel şart değildir.	B	Kamu haklarından mahrum bulunmamak	0
8	35	KISIM - III - Devlet Memurluğuna Alınma	multiple_choice	medium	active	657 sayılı Devlet Memurları Kanunu’na göre, aşağıdakilerden hangisi Devlet memurluğuna alınacaklarda genel şartlardan biri değildir?	D	Genel şartlar arasında Türk vatandaşı olmak, kamu haklarından mahrum bulunmamak, askerlikle ilişiği bulunmamak ve görevi yapmaya engel akıl hastalığı bulunmamak sayılmıştır. Evli olmak genel şart değildir.	C	Askerlikle ilişiği bulunmamak	0
8	35	KISIM - III - Devlet Memurluğuna Alınma	multiple_choice	medium	active	657 sayılı Devlet Memurları Kanunu’na göre, aşağıdakilerden hangisi Devlet memurluğuna alınacaklarda genel şartlardan biri değildir?	D	Genel şartlar arasında Türk vatandaşı olmak, kamu haklarından mahrum bulunmamak, askerlikle ilişiği bulunmamak ve görevi yapmaya engel akıl hastalığı bulunmamak sayılmıştır. Evli olmak genel şart değildir.	D	Evli olmak	1
8	35	KISIM - III - Devlet Memurluğuna Alınma	multiple_choice	medium	active	657 sayılı Devlet Memurları Kanunu’na göre, aşağıdakilerden hangisi Devlet memurluğuna alınacaklarda genel şartlardan biri değildir?	D	Genel şartlar arasında Türk vatandaşı olmak, kamu haklarından mahrum bulunmamak, askerlikle ilişiği bulunmamak ve görevi yapmaya engel akıl hastalığı bulunmamak sayılmıştır. Evli olmak genel şart değildir.	E	Görevini devamlı yapmasına engel akıl hastalığı bulunmamak	0
9	35	KISIM - III - Devlet Memurluğuna Alınma	multiple_choice	medium	active	657 sayılı Devlet Memurları Kanunu’na göre, meslek veya sanat okulu bitirenler için Devlet memurluğuna alınmada aranacak asgari yaş kaçtır?	A	Kanunda genel yaş şartı 18 olmakla birlikte, meslek veya sanat okulu bitirenler için en az 15 yaşını doldurmuş olmak ve Türk Medeni Kanununa göre kazai rüşt kararı almak şartıyla memuriyete girilebileceği düzenlenmiştir.	A	15	1
9	35	KISIM - III - Devlet Memurluğuna Alınma	multiple_choice	medium	active	657 sayılı Devlet Memurları Kanunu’na göre, meslek veya sanat okulu bitirenler için Devlet memurluğuna alınmada aranacak asgari yaş kaçtır?	A	Kanunda genel yaş şartı 18 olmakla birlikte, meslek veya sanat okulu bitirenler için en az 15 yaşını doldurmuş olmak ve Türk Medeni Kanununa göre kazai rüşt kararı almak şartıyla memuriyete girilebileceği düzenlenmiştir.	B	16	0
9	35	KISIM - III - Devlet Memurluğuna Alınma	multiple_choice	medium	active	657 sayılı Devlet Memurları Kanunu’na göre, meslek veya sanat okulu bitirenler için Devlet memurluğuna alınmada aranacak asgari yaş kaçtır?	A	Kanunda genel yaş şartı 18 olmakla birlikte, meslek veya sanat okulu bitirenler için en az 15 yaşını doldurmuş olmak ve Türk Medeni Kanununa göre kazai rüşt kararı almak şartıyla memuriyete girilebileceği düzenlenmiştir.	C	17	0
9	35	KISIM - III - Devlet Memurluğuna Alınma	multiple_choice	medium	active	657 sayılı Devlet Memurları Kanunu’na göre, meslek veya sanat okulu bitirenler için Devlet memurluğuna alınmada aranacak asgari yaş kaçtır?	A	Kanunda genel yaş şartı 18 olmakla birlikte, meslek veya sanat okulu bitirenler için en az 15 yaşını doldurmuş olmak ve Türk Medeni Kanununa göre kazai rüşt kararı almak şartıyla memuriyete girilebileceği düzenlenmiştir.	D	18	0
9	35	KISIM - III - Devlet Memurluğuna Alınma	multiple_choice	medium	active	657 sayılı Devlet Memurları Kanunu’na göre, meslek veya sanat okulu bitirenler için Devlet memurluğuna alınmada aranacak asgari yaş kaçtır?	A	Kanunda genel yaş şartı 18 olmakla birlikte, meslek veya sanat okulu bitirenler için en az 15 yaşını doldurmuş olmak ve Türk Medeni Kanununa göre kazai rüşt kararı almak şartıyla memuriyete girilebileceği düzenlenmiştir.	E	20	0
10	35	KISIM - III - Devlet Memurluğuna Alınma	multiple_choice	hard	active	657 sayılı Devlet Memurları Kanunu’na göre; 
I. Aday olarak atanan Devlet memurunun adaylık süresi bir yıldan az, iki yıldan çok olamaz.
II. Adaylık süresi içinde aday memurun başka kurumlara nakli yapılamaz.
III. Adaylık devresi içinde ilişiği kesilenler aynı kurumda yeniden aday memur olarak göreve başlatılabilir.
Yukarıdakilerden hangileri doğrudur?	B	Adaylık süresi bir yıldan az, iki yıldan çok olamaz ve bu süre içinde nakil yapılamaz. Adaylık devresi içinde ilişiği kesilenler yeniden aday memur olarak göreve başlatılamaz.	A	Yalnız I	0
10	35	KISIM - III - Devlet Memurluğuna Alınma	multiple_choice	hard	active	657 sayılı Devlet Memurları Kanunu’na göre; 
I. Aday olarak atanan Devlet memurunun adaylık süresi bir yıldan az, iki yıldan çok olamaz.
II. Adaylık süresi içinde aday memurun başka kurumlara nakli yapılamaz.
III. Adaylık devresi içinde ilişiği kesilenler aynı kurumda yeniden aday memur olarak göreve başlatılabilir.
Yukarıdakilerden hangileri doğrudur?	B	Adaylık süresi bir yıldan az, iki yıldan çok olamaz ve bu süre içinde nakil yapılamaz. Adaylık devresi içinde ilişiği kesilenler yeniden aday memur olarak göreve başlatılamaz.	B	I ve II	1
10	35	KISIM - III - Devlet Memurluğuna Alınma	multiple_choice	hard	active	657 sayılı Devlet Memurları Kanunu’na göre; 
I. Aday olarak atanan Devlet memurunun adaylık süresi bir yıldan az, iki yıldan çok olamaz.
II. Adaylık süresi içinde aday memurun başka kurumlara nakli yapılamaz.
III. Adaylık devresi içinde ilişiği kesilenler aynı kurumda yeniden aday memur olarak göreve başlatılabilir.
Yukarıdakilerden hangileri doğrudur?	B	Adaylık süresi bir yıldan az, iki yıldan çok olamaz ve bu süre içinde nakil yapılamaz. Adaylık devresi içinde ilişiği kesilenler yeniden aday memur olarak göreve başlatılamaz.	C	I ve III	0
10	35	KISIM - III - Devlet Memurluğuna Alınma	multiple_choice	hard	active	657 sayılı Devlet Memurları Kanunu’na göre; 
I. Aday olarak atanan Devlet memurunun adaylık süresi bir yıldan az, iki yıldan çok olamaz.
II. Adaylık süresi içinde aday memurun başka kurumlara nakli yapılamaz.
III. Adaylık devresi içinde ilişiği kesilenler aynı kurumda yeniden aday memur olarak göreve başlatılabilir.
Yukarıdakilerden hangileri doğrudur?	B	Adaylık süresi bir yıldan az, iki yıldan çok olamaz ve bu süre içinde nakil yapılamaz. Adaylık devresi içinde ilişiği kesilenler yeniden aday memur olarak göreve başlatılamaz.	D	II ve III	0
10	35	KISIM - III - Devlet Memurluğuna Alınma	multiple_choice	hard	active	657 sayılı Devlet Memurları Kanunu’na göre; 
I. Aday olarak atanan Devlet memurunun adaylık süresi bir yıldan az, iki yıldan çok olamaz.
II. Adaylık süresi içinde aday memurun başka kurumlara nakli yapılamaz.
III. Adaylık devresi içinde ilişiği kesilenler aynı kurumda yeniden aday memur olarak göreve başlatılabilir.
Yukarıdakilerden hangileri doğrudur?	B	Adaylık süresi bir yıldan az, iki yıldan çok olamaz ve bu süre içinde nakil yapılamaz. Adaylık devresi içinde ilişiği kesilenler yeniden aday memur olarak göreve başlatılamaz.	E	I, II ve III	0
11	35	KISIM - III - Devlet Memurluğuna Alınma	multiple_choice	medium	active	657 sayılı Devlet Memurları Kanunu’na göre, adaylık süresi içinde görevine son verilenler kaç yıl süre ile Devlet memurluğuna alınamaz?	C	Kanuna göre adaylık devresi içinde görevine son verilenler üç yıl süre ile Devlet memurluğuna alınamaz.	A	1 yıl	0
11	35	KISIM - III - Devlet Memurluğuna Alınma	multiple_choice	medium	active	657 sayılı Devlet Memurları Kanunu’na göre, adaylık süresi içinde görevine son verilenler kaç yıl süre ile Devlet memurluğuna alınamaz?	C	Kanuna göre adaylık devresi içinde görevine son verilenler üç yıl süre ile Devlet memurluğuna alınamaz.	B	2 yıl	0
11	35	KISIM - III - Devlet Memurluğuna Alınma	multiple_choice	medium	active	657 sayılı Devlet Memurları Kanunu’na göre, adaylık süresi içinde görevine son verilenler kaç yıl süre ile Devlet memurluğuna alınamaz?	C	Kanuna göre adaylık devresi içinde görevine son verilenler üç yıl süre ile Devlet memurluğuna alınamaz.	C	3 yıl	1
11	35	KISIM - III - Devlet Memurluğuna Alınma	multiple_choice	medium	active	657 sayılı Devlet Memurları Kanunu’na göre, adaylık süresi içinde görevine son verilenler kaç yıl süre ile Devlet memurluğuna alınamaz?	C	Kanuna göre adaylık devresi içinde görevine son verilenler üç yıl süre ile Devlet memurluğuna alınamaz.	D	4 yıl	0
11	35	KISIM - III - Devlet Memurluğuna Alınma	multiple_choice	medium	active	657 sayılı Devlet Memurları Kanunu’na göre, adaylık süresi içinde görevine son verilenler kaç yıl süre ile Devlet memurluğuna alınamaz?	C	Kanuna göre adaylık devresi içinde görevine son verilenler üç yıl süre ile Devlet memurluğuna alınamaz.	E	5 yıl	0
12	36	KISIM - IV - Hizmet Şartları ve Şekilleri	multiple_choice	medium	active	657 sayılı Devlet Memurları Kanunu’na göre, hizmeti 1 yıldan 10 yıla kadar olan memurların yıllık izin süresi kaç gündür?	B	Kanuna göre hizmeti 1 yıldan 10 yıla kadar olan memurların yıllık izin süresi 20 gündür. Hizmeti 10 yıldan fazla olanlarda bu süre 30 gündür.	A	15 gün	0
12	36	KISIM - IV - Hizmet Şartları ve Şekilleri	multiple_choice	medium	active	657 sayılı Devlet Memurları Kanunu’na göre, hizmeti 1 yıldan 10 yıla kadar olan memurların yıllık izin süresi kaç gündür?	B	Kanuna göre hizmeti 1 yıldan 10 yıla kadar olan memurların yıllık izin süresi 20 gündür. Hizmeti 10 yıldan fazla olanlarda bu süre 30 gündür.	B	20 gün	1
12	36	KISIM - IV - Hizmet Şartları ve Şekilleri	multiple_choice	medium	active	657 sayılı Devlet Memurları Kanunu’na göre, hizmeti 1 yıldan 10 yıla kadar olan memurların yıllık izin süresi kaç gündür?	B	Kanuna göre hizmeti 1 yıldan 10 yıla kadar olan memurların yıllık izin süresi 20 gündür. Hizmeti 10 yıldan fazla olanlarda bu süre 30 gündür.	C	24 gün	0
12	36	KISIM - IV - Hizmet Şartları ve Şekilleri	multiple_choice	medium	active	657 sayılı Devlet Memurları Kanunu’na göre, hizmeti 1 yıldan 10 yıla kadar olan memurların yıllık izin süresi kaç gündür?	B	Kanuna göre hizmeti 1 yıldan 10 yıla kadar olan memurların yıllık izin süresi 20 gündür. Hizmeti 10 yıldan fazla olanlarda bu süre 30 gündür.	D	30 gün	0
12	36	KISIM - IV - Hizmet Şartları ve Şekilleri	multiple_choice	medium	active	657 sayılı Devlet Memurları Kanunu’na göre, hizmeti 1 yıldan 10 yıla kadar olan memurların yıllık izin süresi kaç gündür?	B	Kanuna göre hizmeti 1 yıldan 10 yıla kadar olan memurların yıllık izin süresi 20 gündür. Hizmeti 10 yıldan fazla olanlarda bu süre 30 gündür.	E	40 gün	0
13	36	KISIM - IV - Hizmet Şartları ve Şekilleri	multiple_choice	medium	active	657 sayılı Devlet Memurları Kanunu’na göre, yıllık izinlere zorunlu hâllerde gidiş ve dönüş için en çok kaçar gün eklenebilir?	C	Kanuna göre zorunlu hâllerde yıllık izinlere gidiş ve dönüş için en çok ikişer gün eklenebilir.	A	Birer gün	0
13	36	KISIM - IV - Hizmet Şartları ve Şekilleri	multiple_choice	medium	active	657 sayılı Devlet Memurları Kanunu’na göre, yıllık izinlere zorunlu hâllerde gidiş ve dönüş için en çok kaçar gün eklenebilir?	C	Kanuna göre zorunlu hâllerde yıllık izinlere gidiş ve dönüş için en çok ikişer gün eklenebilir.	B	Üçer gün	0
13	36	KISIM - IV - Hizmet Şartları ve Şekilleri	multiple_choice	medium	active	657 sayılı Devlet Memurları Kanunu’na göre, yıllık izinlere zorunlu hâllerde gidiş ve dönüş için en çok kaçar gün eklenebilir?	C	Kanuna göre zorunlu hâllerde yıllık izinlere gidiş ve dönüş için en çok ikişer gün eklenebilir.	C	İkişer gün	1
13	36	KISIM - IV - Hizmet Şartları ve Şekilleri	multiple_choice	medium	active	657 sayılı Devlet Memurları Kanunu’na göre, yıllık izinlere zorunlu hâllerde gidiş ve dönüş için en çok kaçar gün eklenebilir?	C	Kanuna göre zorunlu hâllerde yıllık izinlere gidiş ve dönüş için en çok ikişer gün eklenebilir.	D	Dörder gün	0
13	36	KISIM - IV - Hizmet Şartları ve Şekilleri	multiple_choice	medium	active	657 sayılı Devlet Memurları Kanunu’na göre, yıllık izinlere zorunlu hâllerde gidiş ve dönüş için en çok kaçar gün eklenebilir?	C	Kanuna göre zorunlu hâllerde yıllık izinlere gidiş ve dönüş için en çok ikişer gün eklenebilir.	E	Beşer gün	0
14	36	KISIM - IV - Hizmet Şartları ve Şekilleri	multiple_choice	medium	active	657 sayılı Devlet Memurları Kanunu’na göre, aşağıdakilerden hangisi mazeret iznine ilişkin yanlış bir ifadedir?	A	Memura, eşinin doğum yapması hâlinde isteği üzerine 10 gün babalık izni verilir. Üç gün değil, on gün düzenlenmiştir.	A	Memura, eşinin doğum yapması hâlinde üç gün izin verilir.	1
14	36	KISIM - IV - Hizmet Şartları ve Şekilleri	multiple_choice	medium	active	657 sayılı Devlet Memurları Kanunu’na göre, aşağıdakilerden hangisi mazeret iznine ilişkin yanlış bir ifadedir?	A	Memura, eşinin doğum yapması hâlinde isteği üzerine 10 gün babalık izni verilir. Üç gün değil, on gün düzenlenmiştir.	B	Memurun kendisinin veya çocuğunun evlenmesi hâlinde yedi gün izin verilebilir.	0
14	36	KISIM - IV - Hizmet Şartları ve Şekilleri	multiple_choice	medium	active	657 sayılı Devlet Memurları Kanunu’na göre, aşağıdakilerden hangisi mazeret iznine ilişkin yanlış bir ifadedir?	A	Memura, eşinin doğum yapması hâlinde isteği üzerine 10 gün babalık izni verilir. Üç gün değil, on gün düzenlenmiştir.	C	Memurun eşinin ölümü hâlinde yedi gün izin verilebilir.	0
14	36	KISIM - IV - Hizmet Şartları ve Şekilleri	multiple_choice	medium	active	657 sayılı Devlet Memurları Kanunu’na göre, aşağıdakilerden hangisi mazeret iznine ilişkin yanlış bir ifadedir?	A	Memura, eşinin doğum yapması hâlinde isteği üzerine 10 gün babalık izni verilir. Üç gün değil, on gün düzenlenmiştir.	D	Memurun ana, baba veya kardeşinin ölümü hâlinde yedi gün izin verilebilir.	0
14	36	KISIM - IV - Hizmet Şartları ve Şekilleri	multiple_choice	medium	active	657 sayılı Devlet Memurları Kanunu’na göre, aşağıdakilerden hangisi mazeret iznine ilişkin yanlış bir ifadedir?	A	Memura, eşinin doğum yapması hâlinde isteği üzerine 10 gün babalık izni verilir. Üç gün değil, on gün düzenlenmiştir.	E	Mazeret iznine ilişkin süreler Kanunda ayrıca gösterilmiştir.	0
15	36	KISIM - IV - Hizmet Şartları ve Şekilleri	multiple_choice	hard	active	657 sayılı Devlet Memurları Kanunu’na göre, doğum yapan memura çocuğunu emzirmesi için ilk altı ayda günde kaç saat süt izni verilir?	D	Kanuna göre doğum yapan memura ilk altı ayda günde üç saat, ikinci altı ayda günde bir buçuk saat süt izni verilir.	A	1 saat	0
15	36	KISIM - IV - Hizmet Şartları ve Şekilleri	multiple_choice	hard	active	657 sayılı Devlet Memurları Kanunu’na göre, doğum yapan memura çocuğunu emzirmesi için ilk altı ayda günde kaç saat süt izni verilir?	D	Kanuna göre doğum yapan memura ilk altı ayda günde üç saat, ikinci altı ayda günde bir buçuk saat süt izni verilir.	B	1,5 saat	0
15	36	KISIM - IV - Hizmet Şartları ve Şekilleri	multiple_choice	hard	active	657 sayılı Devlet Memurları Kanunu’na göre, doğum yapan memura çocuğunu emzirmesi için ilk altı ayda günde kaç saat süt izni verilir?	D	Kanuna göre doğum yapan memura ilk altı ayda günde üç saat, ikinci altı ayda günde bir buçuk saat süt izni verilir.	C	2 saat	0
15	36	KISIM - IV - Hizmet Şartları ve Şekilleri	multiple_choice	hard	active	657 sayılı Devlet Memurları Kanunu’na göre, doğum yapan memura çocuğunu emzirmesi için ilk altı ayda günde kaç saat süt izni verilir?	D	Kanuna göre doğum yapan memura ilk altı ayda günde üç saat, ikinci altı ayda günde bir buçuk saat süt izni verilir.	D	3 saat	1
15	36	KISIM - IV - Hizmet Şartları ve Şekilleri	multiple_choice	hard	active	657 sayılı Devlet Memurları Kanunu’na göre, doğum yapan memura çocuğunu emzirmesi için ilk altı ayda günde kaç saat süt izni verilir?	D	Kanuna göre doğum yapan memura ilk altı ayda günde üç saat, ikinci altı ayda günde bir buçuk saat süt izni verilir.	E	4 saat	0
16	36	KISIM - IV - Hizmet Şartları ve Şekilleri	multiple_choice	medium	active	657 sayılı Devlet Memurları Kanunu’na göre, kamu görevleri hakkında basına bilgi veya demeç verme yetkisi aşağıdakilerden hangisine aittir?	E	Kanuna göre kamu görevleri hakkında basına bilgi veya demeç verme yetkisi, bakanın yetkili kılacağı görevliye; illerde valiye veya valinin yetki vereceği görevliye aittir.	A	Her memura, görev alanı ile sınırlı olarak	0
16	36	KISIM - IV - Hizmet Şartları ve Şekilleri	multiple_choice	medium	active	657 sayılı Devlet Memurları Kanunu’na göre, kamu görevleri hakkında basına bilgi veya demeç verme yetkisi aşağıdakilerden hangisine aittir?	E	Kanuna göre kamu görevleri hakkında basına bilgi veya demeç verme yetkisi, bakanın yetkili kılacağı görevliye; illerde valiye veya valinin yetki vereceği görevliye aittir.	B	Yalnız kurum amirine	0
16	36	KISIM - IV - Hizmet Şartları ve Şekilleri	multiple_choice	medium	active	657 sayılı Devlet Memurları Kanunu’na göre, kamu görevleri hakkında basına bilgi veya demeç verme yetkisi aşağıdakilerden hangisine aittir?	E	Kanuna göre kamu görevleri hakkında basına bilgi veya demeç verme yetkisi, bakanın yetkili kılacağı görevliye; illerde valiye veya valinin yetki vereceği görevliye aittir.	C	Yalnız merkez teşkilatındaki birim başkanına	0
16	36	KISIM - IV - Hizmet Şartları ve Şekilleri	multiple_choice	medium	active	657 sayılı Devlet Memurları Kanunu’na göre, kamu görevleri hakkında basına bilgi veya demeç verme yetkisi aşağıdakilerden hangisine aittir?	E	Kanuna göre kamu görevleri hakkında basına bilgi veya demeç verme yetkisi, bakanın yetkili kılacağı görevliye; illerde valiye veya valinin yetki vereceği görevliye aittir.	D	Memurun sendika temsilcisine	0
16	36	KISIM - IV - Hizmet Şartları ve Şekilleri	multiple_choice	medium	active	657 sayılı Devlet Memurları Kanunu’na göre, kamu görevleri hakkında basına bilgi veya demeç verme yetkisi aşağıdakilerden hangisine aittir?	E	Kanuna göre kamu görevleri hakkında basına bilgi veya demeç verme yetkisi, bakanın yetkili kılacağı görevliye; illerde valiye veya valinin yetki vereceği görevliye aittir.	E	Bakanın yetkili kılacağı görevliye veya illerde valiye ya da yetki vereceği görevliye	1
17	36	KISIM - IV - Hizmet Şartları ve Şekilleri	multiple_choice	hard	active	657 sayılı Devlet Memurları Kanunu’na göre; 
I. Özürsüz olarak bir veya iki gün göreve gelmemek aylıktan kesme cezasını gerektirir.
II. Özürsüz ve kesintisiz olarak üç ila dokuz gün göreve gelmemek kademe ilerlemesinin durdurulması cezasını gerektirir.
III. Özürsüz olarak bir yılda toplam yirmi gün göreve gelmemek Devlet memurluğundan çıkarma cezasını gerektirir.
Yukarıdakilerden hangileri doğrudur?	E	Kanunda bu üç fiil sırasıyla aylıktan kesme, kademe ilerlemesinin durdurulması ve Devlet memurluğundan çıkarma cezasını gerektiren hâller arasında sayılmıştır.	A	Yalnız I	0
17	36	KISIM - IV - Hizmet Şartları ve Şekilleri	multiple_choice	hard	active	657 sayılı Devlet Memurları Kanunu’na göre; 
I. Özürsüz olarak bir veya iki gün göreve gelmemek aylıktan kesme cezasını gerektirir.
II. Özürsüz ve kesintisiz olarak üç ila dokuz gün göreve gelmemek kademe ilerlemesinin durdurulması cezasını gerektirir.
III. Özürsüz olarak bir yılda toplam yirmi gün göreve gelmemek Devlet memurluğundan çıkarma cezasını gerektirir.
Yukarıdakilerden hangileri doğrudur?	E	Kanunda bu üç fiil sırasıyla aylıktan kesme, kademe ilerlemesinin durdurulması ve Devlet memurluğundan çıkarma cezasını gerektiren hâller arasında sayılmıştır.	B	I ve II	0
17	36	KISIM - IV - Hizmet Şartları ve Şekilleri	multiple_choice	hard	active	657 sayılı Devlet Memurları Kanunu’na göre; 
I. Özürsüz olarak bir veya iki gün göreve gelmemek aylıktan kesme cezasını gerektirir.
II. Özürsüz ve kesintisiz olarak üç ila dokuz gün göreve gelmemek kademe ilerlemesinin durdurulması cezasını gerektirir.
III. Özürsüz olarak bir yılda toplam yirmi gün göreve gelmemek Devlet memurluğundan çıkarma cezasını gerektirir.
Yukarıdakilerden hangileri doğrudur?	E	Kanunda bu üç fiil sırasıyla aylıktan kesme, kademe ilerlemesinin durdurulması ve Devlet memurluğundan çıkarma cezasını gerektiren hâller arasında sayılmıştır.	C	II ve III	0
17	36	KISIM - IV - Hizmet Şartları ve Şekilleri	multiple_choice	hard	active	657 sayılı Devlet Memurları Kanunu’na göre; 
I. Özürsüz olarak bir veya iki gün göreve gelmemek aylıktan kesme cezasını gerektirir.
II. Özürsüz ve kesintisiz olarak üç ila dokuz gün göreve gelmemek kademe ilerlemesinin durdurulması cezasını gerektirir.
III. Özürsüz olarak bir yılda toplam yirmi gün göreve gelmemek Devlet memurluğundan çıkarma cezasını gerektirir.
Yukarıdakilerden hangileri doğrudur?	E	Kanunda bu üç fiil sırasıyla aylıktan kesme, kademe ilerlemesinin durdurulması ve Devlet memurluğundan çıkarma cezasını gerektiren hâller arasında sayılmıştır.	D	I ve III	0
17	36	KISIM - IV - Hizmet Şartları ve Şekilleri	multiple_choice	hard	active	657 sayılı Devlet Memurları Kanunu’na göre; 
I. Özürsüz olarak bir veya iki gün göreve gelmemek aylıktan kesme cezasını gerektirir.
II. Özürsüz ve kesintisiz olarak üç ila dokuz gün göreve gelmemek kademe ilerlemesinin durdurulması cezasını gerektirir.
III. Özürsüz olarak bir yılda toplam yirmi gün göreve gelmemek Devlet memurluğundan çıkarma cezasını gerektirir.
Yukarıdakilerden hangileri doğrudur?	E	Kanunda bu üç fiil sırasıyla aylıktan kesme, kademe ilerlemesinin durdurulması ve Devlet memurluğundan çıkarma cezasını gerektiren hâller arasında sayılmıştır.	E	I, II ve III	1
18	36	KISIM - IV - Hizmet Şartları ve Şekilleri	multiple_choice	medium	active	657 sayılı Devlet Memurları Kanunu’na göre, aşağıdakilerden hangisi aylıktan kesme cezasını gerektiren fiil ve hâllerden biridir?	B	Özürsüz olarak bir veya iki gün göreve gelmemek aylıktan kesme cezasını gerektirir. Üç ila dokuz gün gelmemek ise kademe ilerlemesinin durdurulması cezası kapsamında değerlendirilir.	A	Özürsüz ve kesintisiz olarak üç ila dokuz gün göreve gelmemek	0
18	36	KISIM - IV - Hizmet Şartları ve Şekilleri	multiple_choice	medium	active	657 sayılı Devlet Memurları Kanunu’na göre, aşağıdakilerden hangisi aylıktan kesme cezasını gerektiren fiil ve hâllerden biridir?	B	Özürsüz olarak bir veya iki gün göreve gelmemek aylıktan kesme cezasını gerektirir. Üç ila dokuz gün gelmemek ise kademe ilerlemesinin durdurulması cezası kapsamında değerlendirilir.	B	Özürsüz olarak bir veya iki gün göreve gelmemek	1
18	36	KISIM - IV - Hizmet Şartları ve Şekilleri	multiple_choice	medium	active	657 sayılı Devlet Memurları Kanunu’na göre, aşağıdakilerden hangisi aylıktan kesme cezasını gerektiren fiil ve hâllerden biridir?	B	Özürsüz olarak bir veya iki gün göreve gelmemek aylıktan kesme cezasını gerektirir. Üç ila dokuz gün gelmemek ise kademe ilerlemesinin durdurulması cezası kapsamında değerlendirilir.	C	Özürsüz olarak bir yılda toplam yirmi gün göreve gelmemek	0
18	36	KISIM - IV - Hizmet Şartları ve Şekilleri	multiple_choice	medium	active	657 sayılı Devlet Memurları Kanunu’na göre, aşağıdakilerden hangisi aylıktan kesme cezasını gerektiren fiil ve hâllerden biridir?	B	Özürsüz olarak bir veya iki gün göreve gelmemek aylıktan kesme cezasını gerektirir. Üç ila dokuz gün gelmemek ise kademe ilerlemesinin durdurulması cezası kapsamında değerlendirilir.	D	Amirine veya maiyetindekilere fiili tecavüzde bulunmak	0
18	36	KISIM - IV - Hizmet Şartları ve Şekilleri	multiple_choice	medium	active	657 sayılı Devlet Memurları Kanunu’na göre, aşağıdakilerden hangisi aylıktan kesme cezasını gerektiren fiil ve hâllerden biridir?	B	Özürsüz olarak bir veya iki gün göreve gelmemek aylıktan kesme cezasını gerektirir. Üç ila dokuz gün gelmemek ise kademe ilerlemesinin durdurulması cezası kapsamında değerlendirilir.	E	Memurluk sıfatı ile bağdaşmayacak nitelik ve derecede yüz kızartıcı hareketlerde bulunmak	0
19	36	KISIM - IV - Hizmet Şartları ve Şekilleri	multiple_choice	medium	active	657 sayılı Devlet Memurları Kanunu’na göre, aşağıdakilerden hangisi kademe ilerlemesinin durdurulması cezasını gerektiren fiil ve hâllerden biridir?	C	Özürsüz ve kesintisiz olarak üç ila dokuz gün göreve gelmemek kademe ilerlemesinin durdurulması cezasını gerektirir.	A	Özürsüz olarak bir veya iki gün göreve gelmemek	0
19	36	KISIM - IV - Hizmet Şartları ve Şekilleri	multiple_choice	medium	active	657 sayılı Devlet Memurları Kanunu’na göre, aşağıdakilerden hangisi kademe ilerlemesinin durdurulması cezasını gerektiren fiil ve hâllerden biridir?	C	Özürsüz ve kesintisiz olarak üç ila dokuz gün göreve gelmemek kademe ilerlemesinin durdurulması cezasını gerektirir.	B	Verilen emir ve görevlerin tam ve zamanında yapılmasında kusurlu davranmak	0
19	36	KISIM - IV - Hizmet Şartları ve Şekilleri	multiple_choice	medium	active	657 sayılı Devlet Memurları Kanunu’na göre, aşağıdakilerden hangisi kademe ilerlemesinin durdurulması cezasını gerektiren fiil ve hâllerden biridir?	C	Özürsüz ve kesintisiz olarak üç ila dokuz gün göreve gelmemek kademe ilerlemesinin durdurulması cezasını gerektirir.	C	Özürsüz ve kesintisiz olarak üç ila dokuz gün göreve gelmemek	1
19	36	KISIM - IV - Hizmet Şartları ve Şekilleri	multiple_choice	medium	active	657 sayılı Devlet Memurları Kanunu’na göre, aşağıdakilerden hangisi kademe ilerlemesinin durdurulması cezasını gerektiren fiil ve hâllerden biridir?	C	Özürsüz ve kesintisiz olarak üç ila dokuz gün göreve gelmemek kademe ilerlemesinin durdurulması cezasını gerektirir.	D	Usulsüz müracaat veya şikâyette bulunmak	0
19	36	KISIM - IV - Hizmet Şartları ve Şekilleri	multiple_choice	medium	active	657 sayılı Devlet Memurları Kanunu’na göre, aşağıdakilerden hangisi kademe ilerlemesinin durdurulması cezasını gerektiren fiil ve hâllerden biridir?	C	Özürsüz ve kesintisiz olarak üç ila dokuz gün göreve gelmemek kademe ilerlemesinin durdurulması cezasını gerektirir.	E	Görev mahallinde genel ahlak ve edep dışı davranışlarda bulunmak	0
20	36	KISIM - IV - Hizmet Şartları ve Şekilleri	multiple_choice	hard	active	657 sayılı Devlet Memurları Kanunu’na göre, aşağıdakilerden hangisi Devlet memurluğundan çıkarma cezasını gerektiren fiil ve hâllerden biridir?	A	Özürsüz olarak bir yılda toplam yirmi gün göreve gelmemek Devlet memurluğundan çıkarma cezasını gerektiren fiiller arasındadır.	A	Özürsüz olarak bir yılda toplam yirmi gün göreve gelmemek	1
20	36	KISIM - IV - Hizmet Şartları ve Şekilleri	multiple_choice	hard	active	657 sayılı Devlet Memurları Kanunu’na göre, aşağıdakilerden hangisi Devlet memurluğundan çıkarma cezasını gerektiren fiil ve hâllerden biridir?	A	Özürsüz olarak bir yılda toplam yirmi gün göreve gelmemek Devlet memurluğundan çıkarma cezasını gerektiren fiiller arasındadır.	B	Özürsüz olarak bir veya iki gün göreve gelmemek	0
20	36	KISIM - IV - Hizmet Şartları ve Şekilleri	multiple_choice	hard	active	657 sayılı Devlet Memurları Kanunu’na göre, aşağıdakilerden hangisi Devlet memurluğundan çıkarma cezasını gerektiren fiil ve hâllerden biridir?	A	Özürsüz olarak bir yılda toplam yirmi gün göreve gelmemek Devlet memurluğundan çıkarma cezasını gerektiren fiiller arasındadır.	C	Özürsüz ve kesintisiz olarak üç ila dokuz gün göreve gelmemek	0
20	36	KISIM - IV - Hizmet Şartları ve Şekilleri	multiple_choice	hard	active	657 sayılı Devlet Memurları Kanunu’na göre, aşağıdakilerden hangisi Devlet memurluğundan çıkarma cezasını gerektiren fiil ve hâllerden biridir?	A	Özürsüz olarak bir yılda toplam yirmi gün göreve gelmemek Devlet memurluğundan çıkarma cezasını gerektiren fiiller arasındadır.	D	İş sahiplerine kötü muamelede bulunmak	0
20	36	KISIM - IV - Hizmet Şartları ve Şekilleri	multiple_choice	hard	active	657 sayılı Devlet Memurları Kanunu’na göre, aşağıdakilerden hangisi Devlet memurluğundan çıkarma cezasını gerektiren fiil ve hâllerden biridir?	A	Özürsüz olarak bir yılda toplam yirmi gün göreve gelmemek Devlet memurluğundan çıkarma cezasını gerektiren fiiller arasındadır.	E	Verilen emirleri kasten yapmamak	0
21	37	KISIM - V - Mali Hükümler	multiple_choice	medium	active	657 sayılı Devlet Memurları Kanunu’na göre, memur aylıkları ne zaman ödenir?	D	Kanuna göre memurlara aylıkları her ay başında peşin ödenir.	A	Her ay sonunda peşin	0
21	37	KISIM - V - Mali Hükümler	multiple_choice	medium	active	657 sayılı Devlet Memurları Kanunu’na göre, memur aylıkları ne zaman ödenir?	D	Kanuna göre memurlara aylıkları her ay başında peşin ödenir.	B	Her ay ortasında peşin	0
21	37	KISIM - V - Mali Hükümler	multiple_choice	medium	active	657 sayılı Devlet Memurları Kanunu’na göre, memur aylıkları ne zaman ödenir?	D	Kanuna göre memurlara aylıkları her ay başında peşin ödenir.	C	Her ay sonunda çalıştıktan sonra	0
21	37	KISIM - V - Mali Hükümler	multiple_choice	medium	active	657 sayılı Devlet Memurları Kanunu’na göre, memur aylıkları ne zaman ödenir?	D	Kanuna göre memurlara aylıkları her ay başında peşin ödenir.	D	Her ay başında peşin	1
21	37	KISIM - V - Mali Hükümler	multiple_choice	medium	active	657 sayılı Devlet Memurları Kanunu’na göre, memur aylıkları ne zaman ödenir?	D	Kanuna göre memurlara aylıkları her ay başında peşin ödenir.	E	Her üç ayda bir peşin	0
22	37	KISIM - V - Mali Hükümler	multiple_choice	medium	active	657 sayılı Devlet Memurları Kanunu’na göre, aşağıdakilerden hangisi ek göstergeye ilişkin yanlış bir ifadedir?	B	Kanuna göre bu Kanuna tabi kurumlarda istihdam edilen her sınıf ve derecedeki memurlara bulundukları kadro derecelerine göre ek gösterge uygulanır. Yalnız belirli bir hizmet sınıfına özgülenmemiştir.	A	Ek göstergeler, kanunda gösterilen esaslara göre uygulanır.	0
22	37	KISIM - V - Mali Hükümler	multiple_choice	medium	active	657 sayılı Devlet Memurları Kanunu’na göre, aşağıdakilerden hangisi ek göstergeye ilişkin yanlış bir ifadedir?	B	Kanuna göre bu Kanuna tabi kurumlarda istihdam edilen her sınıf ve derecedeki memurlara bulundukları kadro derecelerine göre ek gösterge uygulanır. Yalnız belirli bir hizmet sınıfına özgülenmemiştir.	B	Ek gösterge yalnızca Genel İdare Hizmetleri Sınıfındaki memurlara uygulanır.	1
22	37	KISIM - V - Mali Hükümler	multiple_choice	medium	active	657 sayılı Devlet Memurları Kanunu’na göre, aşağıdakilerden hangisi ek göstergeye ilişkin yanlış bir ifadedir?	B	Kanuna göre bu Kanuna tabi kurumlarda istihdam edilen her sınıf ve derecedeki memurlara bulundukları kadro derecelerine göre ek gösterge uygulanır. Yalnız belirli bir hizmet sınıfına özgülenmemiştir.	C	Ek gösterge, memurun bulunduğu kadro derecesine göre belirlenir.	0
22	37	KISIM - V - Mali Hükümler	multiple_choice	medium	active	657 sayılı Devlet Memurları Kanunu’na göre, aşağıdakilerden hangisi ek göstergeye ilişkin yanlış bir ifadedir?	B	Kanuna göre bu Kanuna tabi kurumlarda istihdam edilen her sınıf ve derecedeki memurlara bulundukları kadro derecelerine göre ek gösterge uygulanır. Yalnız belirli bir hizmet sınıfına özgülenmemiştir.	D	Bu Kanuna tabi kurumlarda istihdam edilen memurlara ek gösterge uygulanabilir.	0
22	37	KISIM - V - Mali Hükümler	multiple_choice	medium	active	657 sayılı Devlet Memurları Kanunu’na göre, aşağıdakilerden hangisi ek göstergeye ilişkin yanlış bir ifadedir?	B	Kanuna göre bu Kanuna tabi kurumlarda istihdam edilen her sınıf ve derecedeki memurlara bulundukları kadro derecelerine göre ek gösterge uygulanır. Yalnız belirli bir hizmet sınıfına özgülenmemiştir.	E	Ek göstergeye ilişkin usul ve esaslar kanunda gösterilmiştir.	0
23	37	KISIM - V - Mali Hükümler	multiple_choice	hard	active	657 sayılı Devlet Memurları Kanunu’na göre, zam ve tazminatlara ilişkin aşağıdaki ifadelerden hangisi yanlıştır?	E	Kanuna göre zam ve tazminatlar damga vergisi hariç herhangi bir vergi ve kesintiye tabi tutulmaz. Gelir vergisine tabi oldukları söylenemez.	A	Zam ve tazminatlar, ilgili personelin mali hakları arasında yer alır.	0
23	37	KISIM - V - Mali Hükümler	multiple_choice	hard	active	657 sayılı Devlet Memurları Kanunu’na göre, zam ve tazminatlara ilişkin aşağıdaki ifadelerden hangisi yanlıştır?	E	Kanuna göre zam ve tazminatlar damga vergisi hariç herhangi bir vergi ve kesintiye tabi tutulmaz. Gelir vergisine tabi oldukları söylenemez.	B	Zam ve tazminatlar, kanunda gösterilen esaslar çerçevesinde ödenir.	0
23	37	KISIM - V - Mali Hükümler	multiple_choice	hard	active	657 sayılı Devlet Memurları Kanunu’na göre, zam ve tazminatlara ilişkin aşağıdaki ifadelerden hangisi yanlıştır?	E	Kanuna göre zam ve tazminatlar damga vergisi hariç herhangi bir vergi ve kesintiye tabi tutulmaz. Gelir vergisine tabi oldukları söylenemez.	C	Zam ve tazminatlar, damga vergisi hariç kesintiye tabi tutulmaz.	0
23	37	KISIM - V - Mali Hükümler	multiple_choice	hard	active	657 sayılı Devlet Memurları Kanunu’na göre, zam ve tazminatlara ilişkin aşağıdaki ifadelerden hangisi yanlıştır?	E	Kanuna göre zam ve tazminatlar damga vergisi hariç herhangi bir vergi ve kesintiye tabi tutulmaz. Gelir vergisine tabi oldukları söylenemez.	D	Zam ve tazminatlara ilişkin usul ve esaslar ayrıca belirlenebilir.	0
23	37	KISIM - V - Mali Hükümler	multiple_choice	hard	active	657 sayılı Devlet Memurları Kanunu’na göre, zam ve tazminatlara ilişkin aşağıdaki ifadelerden hangisi yanlıştır?	E	Kanuna göre zam ve tazminatlar damga vergisi hariç herhangi bir vergi ve kesintiye tabi tutulmaz. Gelir vergisine tabi oldukları söylenemez.	E	Zam ve tazminatlar gelir vergisine tabidir.	1
24	38	KISIM - VI - Sosyal Haklar ve Yardımlar	multiple_choice	medium	active	657 sayılı Devlet Memurları Kanunu’na göre, hizmetleri sırasında radyoaktif ışınlarla çalışan personele her yıl yıllık izinlerine ilaveten ne kadar sağlık izni verilir?	A	Kanuna göre hizmetleri sırasında radyoaktif ışınlarla çalışan personele her yıl yıllık izinlerine ilaveten bir aylık sağlık izni verilir.	A	1 ay	1
24	38	KISIM - VI - Sosyal Haklar ve Yardımlar	multiple_choice	medium	active	657 sayılı Devlet Memurları Kanunu’na göre, hizmetleri sırasında radyoaktif ışınlarla çalışan personele her yıl yıllık izinlerine ilaveten ne kadar sağlık izni verilir?	A	Kanuna göre hizmetleri sırasında radyoaktif ışınlarla çalışan personele her yıl yıllık izinlerine ilaveten bir aylık sağlık izni verilir.	B	15 gün	0
24	38	KISIM - VI - Sosyal Haklar ve Yardımlar	multiple_choice	medium	active	657 sayılı Devlet Memurları Kanunu’na göre, hizmetleri sırasında radyoaktif ışınlarla çalışan personele her yıl yıllık izinlerine ilaveten ne kadar sağlık izni verilir?	A	Kanuna göre hizmetleri sırasında radyoaktif ışınlarla çalışan personele her yıl yıllık izinlerine ilaveten bir aylık sağlık izni verilir.	C	20 gün	0
24	38	KISIM - VI - Sosyal Haklar ve Yardımlar	multiple_choice	medium	active	657 sayılı Devlet Memurları Kanunu’na göre, hizmetleri sırasında radyoaktif ışınlarla çalışan personele her yıl yıllık izinlerine ilaveten ne kadar sağlık izni verilir?	A	Kanuna göre hizmetleri sırasında radyoaktif ışınlarla çalışan personele her yıl yıllık izinlerine ilaveten bir aylık sağlık izni verilir.	D	45 gün	0
24	38	KISIM - VI - Sosyal Haklar ve Yardımlar	multiple_choice	medium	active	657 sayılı Devlet Memurları Kanunu’na göre, hizmetleri sırasında radyoaktif ışınlarla çalışan personele her yıl yıllık izinlerine ilaveten ne kadar sağlık izni verilir?	A	Kanuna göre hizmetleri sırasında radyoaktif ışınlarla çalışan personele her yıl yıllık izinlerine ilaveten bir aylık sağlık izni verilir.	E	2 ay	0
